schema,object,kind,position,column,type,not_null,default,identity,generated,primary_key,references,comment
billing,invoices,table,1,id,uuid,true,,,,true,,
billing,invoices,table,2,workspace_id,uuid,false,,,,false,public.workspaces.id,
public,bookings,table,1,id,uuid,true,,,,true,,
public,bookings,table,2,workspace_id,uuid,true,,,,false,public.members.workspace_id,
public,bookings,table,3,member_id,uuid,false,,,,false,public.members.user_id,
public,bookings,table,4,workspace_ref,uuid,false,,,,false,,
public,bookings,table,5,company_id,uuid,false,,,,false,,
public,bookings,table,6,site_id,uuid,false,,,,false,,
public,events,partitioned table,1,id,uuid,true,,,,false,,
public,events,partitioned table,2,happened_at,timestamp with time zone,true,,,,false,,
public,events,partitioned table,3,company_id,uuid,false,,,,false,,
public,events,partitioned table,4,site_id,uuid,false,,,,false,,
public,events_2026,partition,1,id,uuid,true,,,,false,,
public,events_2026,partition,2,happened_at,timestamp with time zone,true,,,,false,,
public,events_2026,partition,3,company_id,uuid,false,,,,false,,
public,events_2026,partition,4,site_id,uuid,false,,,,false,,
public,import_staging,table,1,raw,jsonb,false,,,,false,,
public,import_staging,table,2,workspace_id,uuid,false,,,,false,,
public,import_staging,table,3,company_id,uuid,false,,,,false,,
public,import_staging,table,4,site_id,uuid,false,,,,false,,
public,members,table,1,workspace_id,uuid,true,,,,true,public.workspaces.id,
public,members,table,2,user_id,uuid,true,,,,true,auth.users.id,
public,members,table,3,manager_id,uuid,false,,,,false,,
public,members,table,4,workspace_ref,uuid,false,,,,false,,
public,members,table,5,level,integer,false,,,,false,,
public,members,table,6,company_id,uuid,false,,,,false,,
public,members,table,7,site_id,uuid,false,,,,false,,
public,open_workspaces,view,1,id,uuid,false,,,,false,,
public,open_workspaces,view,2,name,text,false,,,,false,,
public,workspaces,table,1,id,uuid,true,gen_random_uuid(),,,true,,
public,workspaces,table,2,name,text,true,,,,false,,
public,workspaces,table,3,price,"numeric(12,2)",true,0,,,false,,
public,workspaces,table,4,tags,text[],false,,,,false,,
public,workspaces,table,5,status,status_kind,true,'open'::status_kind,,,false,,
public,workspaces,table,6,api_token,text,false,<redacted>,,,false,,
public,workspaces,table,7,name_lower,text,false,lower(name),,s,false,,
public,workspaces,table,8,seq,integer,true,,a,,false,,
public,workspaces,table,9,company_id,uuid,false,,,,false,,
public,workspaces,table,10,site_id,uuid,false,,,,false,,
